Booking Time,Contact Number,Date,Email,End,Name,Start
2024-07-18 14:35:00,1234567890,2024-07-20,anna@example.com,12:00:00,Anna,10:00:00
2024-07-18 14:40:00,1234567891,2024-07-20,bert@example.com,13:00:00,Bert,12:00:00
2024-07-18 14:45:00,1234567892,2024-07-20,charli@example.com,18:00:00,Charli,15:00:00
2024-07-18 14:50:00,1234567893,2024-07-22,dimitri@example.com,13:00:00,Dimitri,11:00:00
2024-07-18 14:55:00,1234567894,2024-07-22,evelyn@example.com,16:00:00,Evelyn,14:00:00
2024-07-18 15:00:00,1234567895,2024-07-22,fred@example.com,19:00:00,Fred,17:00:00
2024-07-18 15:05:00,1234567896,2024-07-23,getrude@example.com,13:00:00,Getrude,12:00:00
2024-07-18 15:10:00,1234567897,2024-07-23,herbert@example.com,13:30:00,Herbert,13:00:00
2024-07-18 15:15:00,1234567898,2024-07-24,ida@example.com,13:00:00,Ida,12:00:00
2024-07-18 15:20:00,1234567899,2024-07-24,julius@example.com,16:00:00,Julius,15:00:00
2024-07-18 15:25:00,1234567801,2024-07-25,kathrin@example.com,18:00:00,Kathrin,14:00:00
2024-07-18 15:30:00,1234567802,2024-07-26,louis@example.com,18:00:00,Louis,10:00:00
2024-07-18 15:35:00,1234567803,2024-07-27,michael@example.com,12:00:00,Michael,09:00:00
2024-07-18 15:40:00,1234567804,2024-07-27,nora@example.com,16:00:00,Nora,14:00:00
2024-07-18 15:45:00,1234567805,2024-07-29,oscar@example.com,15:00:00,Oscar,12:00:00
2024-07-26 23:14:48,987654321,2024-07-30,paul@example.com,14:00:00,Paul,09:00:00
2024-07-26 23:23:08,987654322,2024-07-31,quinn@example.com,18:00:00,Quinn,15:00:00
2024-07-28 00:04:53,2345678901,2024-07-29,ray@example.com,11:00:00,ray,09:00:00
