Name,Date,Start,End,Email,Contact Number,Booking Time
Anna,2024-07-20,10:00:00,12:00:00,anna@example.com,1234567890,2024-07-18 14:35:00
Bert,2024-07-20,12:00:00,13:00:00,bert@example.com,1234567891,2024-07-18 14:40:00
Charli,2024-07-20,15:00:00,18:00:00,charli@example.com,1234567892,2024-07-18 14:45:00
Dimitri,2024-07-22,11:00:00,13:00:00,dimitri@example.com,1234567893,2024-07-18 14:50:00
Evelyn,2024-07-22,14:00:00,16:00:00,evelyn@example.com,1234567894,2024-07-18 14:55:00
Fred,2024-07-22,17:00:00,19:00:00,fred@example.com,1234567895,2024-07-18 15:00:00
Getrude,2024-07-23,12:00:00,13:00:00,getrude@example.com,1234567896,2024-07-18 15:05:00
Herbert,2024-07-23,13:00:00,13:30:00,herbert@example.com,1234567897,2024-07-18 15:10:00
Ida,2024-07-24,12:00:00,13:00:00,ida@example.com,1234567898,2024-07-18 15:15:00
Julius,2024-07-24,15:00:00,16:00:00,julius@example.com,1234567899,2024-07-18 15:20:00
Kathrin,2024-07-25,14:00:00,18:00:00,kathrin@example.com,1234567801,2024-07-18 15:25:00
Louis,2024-07-26,10:00:00,18:00:00,louis@example.com,1234567802,2024-07-18 15:30:00
Michael,2024-07-27,09:00:00,12:00:00,michael@example.com,1234567803,2024-07-18 15:35:00
Nora,2024-07-27,14:00:00,16:00:00,nora@example.com,1234567804,2024-07-18 15:40:00
Oscar,2024-07-29,12:00:00,15:00:00,oscar@example.com,1234567805,2024-07-18 15:45:00
Paul,2024-07-30,09:00:00,14:00:00,paul@example.com,987654321,2024-07-26 23:14:48
Quinn,2024-07-31,15:00:00,18:00:00,quinn@example.com,0987654322,2024-07-26 23:23:08
